Probability_Band,Count,Percentage_of_Matcher_Misses,Mean_Name_Sim,Mean_Addr_Sim,Mean_Sem_Cosine
0.00-0.40,799,64.07377706495589,55.444703642169195,39.80348088093956,0.4522950993610106
0.40-0.45,67,5.3728949478749,60.9869705808576,37.27909389674686,0.5571474823202376
0.45-0.50,64,5.132317562149158,64.51112766109054,35.956939878121915,0.513438518776194
0.50-0.55,62,4.971932638331997,65.81065822145713,35.64135903376302,0.5034030592735553
0.55-0.60,83,6.655974338412189,66.37538610240419,45.3680827806085,0.6255368807619592
0.60-0.65,103,8.2598235765838,71.0533237421093,30.426593384566235,0.5550060194680427
0.65-0.70,69,5.533279871692061,63.50998482427839,40.79448559749367,0.5687733005392902
0.70-0.75,0,0.0,0.0,0.0,0.0
0.75-0.80,0,0.0,0.0,0.0,0.0
