K,Cosine,Matcher_Tau,Macro_F05,Precision,Recall,Candidate_Recall,Avg_Candidates,P50,P95,P99,Max_Candidates,Zero,Zero_True_Empty,Zero_Contaminated,One,Multi,US,India,S2,S3,Fold_Mean,Fold_Std,Fold_Scores,TP,FP,FN,Runtime_s,Memory
20,0.4,0.66,0.9702209409572821,0.9803014682539682,0.9504674603174602,0.9870186317406044,117.3404,77.0,374.0,515.0,603,0.9443447037701975,526,31,0.9231575552330269,0.9746365876023019,0.9784193506149754,0.9579642366985749,0.9595135197538796,0.9637733643700136,0.9701848685230943,0.0017228281459928314,0.9712 0.9694 0.9695 0.9679 0.9729,32859,523,1652,84.21557760238647,14.53 GB (92.6%)
20,0.4,0.68,0.9702042671315414,0.9806574206349207,0.9493869444444445,0.9870186317406044,117.3404,77.0,374.0,515.0,603,0.9497307001795332,529,28,0.9221093372036768,0.974343624211541,0.9783481426046353,0.9580290920230634,0.9587309080759118,0.963257106395532,0.9701682042346089,0.0014930320575816478,0.9717 0.9695 0.9698 0.9679 0.9719,32814,506,1697,76.01320123672485,14.35 GB (91.5%)
10,0.3,0.72,0.97019425559702,0.9816264682539683,0.9465693253968255,0.9863232012981368,116.3772,76.0,370.0499999999993,512.0,607,0.947935368043088,528,29,0.9249475890985325,0.9742758144000871,0.9782402754290267,0.9581653756485707,0.9592784845835116,0.9618091061125584,0.9701585869559917,0.0010301736183714284,0.9688 0.9711 0.9704 0.9713 0.9692,32701,469,1810,69.23740315437317,14.63 GB (93.2%)
20,0.25,0.7,0.9701132500844651,0.9808848412698413,0.9485803174603173,0.9886702790414651,124.5777,84.0,379.0499999999993,522.0,616,0.947935368043088,528,29,0.9246550095606699,0.9742023275863904,0.9780959678068364,0.9581790074216785,0.9589754546643513,0.9619093299836381,0.9700775147956613,0.002147709448692881,0.9687 0.9673 0.9719 0.9693 0.9732,32777,503,1734,79.78647041320801,14.66 GB (93.4%)
20,0.25,0.68,0.9700431899855082,0.9803230555555555,0.9499905952380951,0.9886702790414651,124.5777,84.0,379.0499999999993,522.0,616,0.9461400359066428,527,30,0.9243324809362545,0.9742550976056175,0.9782455544592872,0.9577805732372837,0.9588341889211505,0.9623054047170313,0.9700073841991814,0.0021879431495755723,0.9687 0.9678 0.9721 0.9683 0.9731,32833,529,1678,79.82873749732971,14.98 GB (95.5%)
10,0.3,0.68,0.9697013385670326,0.9802568650793652,0.9487996825396825,0.9863232012981368,116.3772,76.0,370.0499999999993,512.0,607,0.940754039497307,524,33,0.9243186582809225,0.974208964072864,0.9784133543589956,0.9566767880117824,0.9600646295509452,0.961495526989223,0.9696650172442869,0.0014741157635686539,0.9676 0.9718 0.9694 0.9708 0.9688,32794,525,1717,42.67669105529785,14.89 GB (94.9%)
10,0.4,0.68,0.9695969941467876,0.9802640873015873,0.948196626984127,0.9855698183187969,114.5481,74.0,370.0,512.0,603,0.940754039497307,524,33,0.9240350228141571,0.9741087601678866,0.9784484205815351,0.9563640232892512,0.9594592515440192,0.9620942205079669,0.969560268785914,0.001382449255082145,0.9686 0.9682 0.9709 0.9715 0.9685,32778,503,1733,73.12373900413513,14.78 GB (94.2%)
5,0.2,0.68,0.9693887084908758,0.9808341269841271,0.9460680952380952,0.9805279476109067,112.7598,72.0,366.0499999999993,507.02000000000044,602,0.9515260323159784,530,27,0.9205450733752621,0.9734094239896633,0.9781501175307648,0.9562903145370298,0.9585925324481086,0.9601912131567945,0.9693528235535143,0.0040591456283011135,0.9764 0.9676 0.9654 0.9662 0.9712,32646,500,1865,61.830522298812866,15.23 GB (97.1%)
5,0.3,0.68,0.9691265068250635,0.9803335317460318,0.9465008333333333,0.9804989713424705,112.7455,72.0,366.0499999999993,507.02000000000044,602,0.9461400359066428,527,30,0.9202524938373995,0.9734692299469105,0.9776178596644687,0.9564318495861127,0.9586144423772747,0.9600151734741524,0.9690895379024704,0.0006950829832488084,0.9699 0.9696 0.9689 0.9693 0.9679,32672,523,1839,31.86259889602661,14.95 GB (95.2%)
5,0.4,0.68,0.9690896858134742,0.9805326190476191,0.9454613492063493,0.9802381849265451,112.4451,72.0,366.0499999999993,507.02000000000044,602,0.9425493716337523,525,32,0.9178197064989518,0.9737969722529225,0.9777236566035543,0.9561818133149314,0.9583491428956246,0.9610640137093551,0.9690525993247858,0.002530557251256209,0.9673 0.9659 0.9681 0.9726 0.9714,32649,489,1862,64.88667035102844,14.73 GB (93.8%)
5,0.45,0.68,0.9688893831264657,0.9803155952380952,0.9458197222222223,0.9795717307525137,112.1272,71.0,366.0499999999993,507.0100000000002,602,0.9443447037701975,526,31,0.9252839403782801,0.9730161946442463,0.9773829139343443,0.9561914698029104,0.9582804642423131,0.9602688862324125,0.9688490725753443,0.0011080075898001187,0.9699 0.9682 0.9703 0.9673 0.9685,32640,532,1871,69.66080856323242,14.74 GB (94.0%)
20,0.3,0.68,0.968779771001848,0.9792527777777777,0.9484377380952381,0.9885543739677204,123.7041,83.0,378.0499999999993,522.0,616,0.9425493716337523,525,32,0.9164878530028363,0.9735284581989201,0.9770371538143284,0.9564349012881795,0.9574803496597067,0.9614408678784417,0.9687425913693115,0.0026947991942913646,0.9637 0.9718 0.9690 0.9696 0.9696,32800,554,1711,57.59894847869873,14.74 GB (93.9%)
10,0.35,0.68,0.9686555623247863,0.9793546428571428,0.9479184126984126,0.9861493436875199,115.7639,75.0,370.0499999999993,512.0,607,0.9425493716337523,525,32,0.9162941461054669,0.9734006199721716,0.9776060340955098,0.9552745177014891,0.9582820178665341,0.9612866855341674,0.9686176153435696,0.0012843257280274333,0.9678 0.9665 0.9691 0.9695 0.9701,32772,557,1739,73.92536354064941,14.70 GB (93.7%)
5,0.35,0.68,0.9685800204789952,0.9795450793650794,0.9469832936507937,0.9804699950740343,112.6696,72.0,366.0499999999993,507.02000000000044,602,0.947935368043088,528,29,0.9198421506967568,0.9727683007876889,0.9772219875719681,0.9556601934278244,0.958062506827874,0.9597464747298993,0.9685425309752924,0.002561910460366092,0.9643 0.9711 0.9713 0.9684 0.9677,32681,560,1830,51.5399534702301,14.83 GB (94.5%)
5,0.25,0.68,0.9685789538092128,0.9796448015873017,0.9464907539682539,0.9805279476109067,112.7581,72.0,366.0499999999993,507.02000000000044,602,0.9425493716337523,525,32,0.9152138649363954,0.9733789060558552,0.9779735607765185,0.9545339226345382,0.9582692254532458,0.959774203104746,0.9685413861594594,0.0037830685453207886,0.9713 0.9612 0.9713 0.9686 0.9703,32676,540,1835,71.39349699020386,14.99 GB (95.5%)
15,0.3,0.68,0.9682759587515873,0.9785807936507935,0.9481556746031745,0.9877140621830721,120.1202,80.0,375.0,517.0,611,0.9353680430879713,521,36,0.9220125786163522,0.9730834646975437,0.9774047256960025,0.954628361064228,0.9580252261761123,0.9607874377618159,0.9682378499337017,0.003065376532175169,0.9685 0.9724 0.9705 0.9661 0.9638,32787,581,1724,49.09589958190918,14.86 GB (94.7%)
8,0.3,0.68,0.968198735224933,0.978849126984127,0.9474477380952381,0.9853669844397438,114.8717,74.0,368.0499999999993,510.0100000000002,605,0.9353680430879713,521,36,0.9189295844123813,0.9731801495019374,0.9769679817488056,0.9550886241543133,0.9579935475707569,0.9608785654078198,0.9681607531863505,0.0022470473054242985,0.9691 0.9640 0.9706 0.9680 0.9691,32773,556,1738,31.834046840667725,14.98 GB (95.4%)
30,0.3,0.68,0.967763080911466,0.9778224206349206,0.9490359523809524,0.9893657094839327,130.3261,89.0,384.09999999999854,531.0100000000002,626,0.9317773788150808,519,38,0.9195196220723413,0.972880669742659,0.9775571240893789,0.9531208886155443,0.9571276015332898,0.9610298574713423,0.9677249767518413,0.00469483998530172,0.9682 0.9710 0.9707 0.9585 0.9702,32831,620,1680,65.2439980506897,14.76 GB (94.1%)
20,0.35,0.68,0.967721024914721,0.9778654761904761,0.9488584523809525,0.9881487062096144,120.8209,80.0,377.0499999999993,518.0200000000004,609,0.9443447037701975,526,31,0.916269265325869,0.9722413933046673,0.9763591893105182,0.9548068829337789,0.9568368405625606,0.9612911232887358,0.9676823723488308,0.002401808624033131,0.9718 0.9648 0.9669 0.9686 0.9663,32802,633,1709,76.45543074607849,14.31 GB (91.2%)
10,0.25,0.68,0.9673922627348089,0.977361507936508,0.949008373015873,0.986352177566573,116.5034,76.0,370.0499999999993,512.0,607,0.9443447037701975,526,31,0.913963185661299,0.9720096644168741,0.976727699892365,0.953435691016227,0.9565480488189687,0.9609649104023443,0.9673524462167877,0.0029594742490142364,0.9712 0.9626 0.9657 0.9690 0.9683,32801,633,1710,75.06779289245605,14.76 GB (94.1%)
3,0.3,0.68,0.9656834278836226,0.9787861904761905,0.9388625,0.9695459418736055,111.7552,71.0,365.0499999999993,507.0,602,0.9461400359066428,527,30,0.9207547169811321,0.9695763804371397,0.9759804257998319,0.9502893132344393,0.9536555403270642,0.9557323878983756,0.9656427522124259,0.00398265910879862,0.9675 0.9588 0.9658 0.9710 0.9652,32333,594,2178,30.839664936065674,14.95 GB (95.3%)
