Tau,Macro_F05,Precision,Recall,Zero,One,Multi,TP,FP,FN
0.5,0.967474975362546,0.9749417063492063,0.9562508333333333,0.9192100538599641,0.923906011364391,0.9730819665210739,33109,770,1402
0.54,0.9684087973824856,0.976467738095238,0.9550627380952381,0.9245960502692998,0.9223417475359762,0.9738861043005486,33055,701,1456
0.58,0.9691879701219317,0.9777638492063492,0.9539132142857143,0.9281867145421903,0.9246478272005464,0.9743987829914764,33006,647,1505
0.62,0.969593692522896,0.9789501587301588,0.9519524603174603,0.9317773788150808,0.9247607122190918,0.9746228820546216,32931,593,1580
0.66,0.9696024460381722,0.9797760714285714,0.9496374603174603,0.9353680430879713,0.9237124941897418,0.9744706427085338,32840,544,1671
0.68,0.9697136861758107,0.980328253968254,0.9485096031746032,0.9389587073608617,0.9226642761603916,0.9744333889142937,32792,519,1719
0.7,0.9697019536535271,0.9808282539682539,0.9471526984126983,0.9425493716337523,0.9219385867554569,0.9742389863743833,32739,494,1772
0.72,0.9694261044388026,0.9809657539682539,0.945594007936508,0.9425493716337523,0.9181650018497965,0.9741538868403044,32689,469,1822
0.74,0.9692936548411162,0.9812892857142856,0.9441224603174604,0.9443447037701975,0.9179553582439266,0.9739055546439896,32631,443,1880
0.76,0.9690818895307121,0.9817344444444445,0.9423053174603174,0.947935368043088,0.9141817733382661,0.9736679631367485,32562,418,1949
0.78,0.9690448598346136,0.9824289682539682,0.9403813492063493,0.9515260323159784,0.9150203477617461,0.9733521613410088,32487,389,2024
0.8,0.9686981415751079,0.9828715873015873,0.9379036507936508,0.9533213644524237,0.9132075471698113,0.9729587586391876,32390,368,2121
