source1_entity_id	matched_entity_ids
S1-714132312	
S1-106407869	
S1-156285671	S2-64661346
S1-689823050	
S1-921369899	S2-455467391
S1-481669221	
S1-909865979	
S1-280204013	
S1-742053041	
S1-913506265	
S1-479574617	
S1-680637447	
S1-870190130	
S1-365170694	
S1-778640743	S3-467616579
S1-378191895	
S1-684974736	
S1-750279127	
S1-209281220	
S1-550154910	
S1-897975128	
S1-704604312	
S1-628750886	
S1-714038427	
S1-426194890	
S1-122385784	
S1-540642140	
S1-123475953	
S1-444801830	
S1-502376041	S2-551281247
S1-594021398	
S1-261170522	
S1-466641145	
S1-99245709	
S1-339015166	
S1-614259237	
S1-385801270	S3-368173526
S1-334672926	
S1-717749279	S2-926387302
S1-564662660	
S1-41643447	
S1-581360597	
S1-946184931	
S1-244940399	
S1-616465752	S3-270849173,S3-324719159,S3-474571919
S1-762904067	
S1-261476747	S2-185509246
S1-874436225	
S1-816918307	
S1-52153457	
S1-867332501	
S1-969300060	
S1-930501805	
S1-474452362	
S1-802731895	
S1-39733947	
S1-807424751	
S1-269499779	
S1-574528784	
S1-402621048	
S1-684202485	
S1-85238196	
S1-569369299	
S1-559615219	
S1-684318101	
S1-503487168	
S1-967139755	
S1-983819279	
S1-577269922	
S1-87832748	
S1-295346696	
S1-252468250	
S1-781801397	
S1-669434847	
S1-570053103	
S1-736469556	
S1-483126440	
S1-270951405	
S1-520799361	
S1-81033582	S2-310017908,S3-415630244,S3-449062043
S1-56410032	
S1-518847572	
S1-776267063	S2-466691175,S2-711729529,S3-975568329
S1-35309228	
S1-493139457	
S1-895087526	
S1-829126727	
S1-457973373	
S1-74852342	
S1-280936763	
S1-999165514	
S1-395055615	
S1-862701045	
S1-674871004	
S1-287307821	
S1-273768056	S3-266139485,S3-441042249
S1-323395452	
S1-4144001	
S1-512210875	
S1-143287441	
S1-351656683	
S1-83258310	
S1-126274111	S2-775330636
S1-991875825	
S1-219350089	
S1-476026008	
S1-595583207	
S1-660977005	
S1-106130112	
S1-383508132	S2-430928607,S3-149689346
S1-960747316	S3-809216740
S1-78181547	
S1-44674670	
S1-712639027	
S1-875777939	
S1-906720062	
S1-868609391	
S1-842551642	
S1-977549219	
S1-345501851	S2-507332275,S3-188040886,S3-611663741
S1-465557953	
S1-548433616	S3-222761111
S1-542615632	
S1-396150929	S2-386511671
S1-370806262	
S1-149784022	
S1-208197675	
S1-621024	
S1-479716586	
S1-73366741	
S1-866981273	
S1-48247433	
S1-139090022	
S1-503254241	
S1-102847291	
S1-619110488	
S1-623031914	
S1-215270294	
S1-762005078	
S1-983603694	
S1-437281614	
S1-590781135	
S1-423414451	
S1-847114478	
S1-526334226	
S1-381894503	
S1-313092170	
S1-60876864	
S1-261642209	
S1-78728267	
S1-308199161	
S1-358927120	
S1-337122273	
S1-650650055	
S1-834257002	
S1-937349180	
S1-725006887	
S1-820730560	
S1-47803313	
S1-385569722	
S1-453884385	
S1-650304466	
S1-762839052	
S1-550679918	
S1-659666950	
S1-772914073	
S1-860482342	
S1-813052697	
S1-366528589	
S1-720336913	
S1-640880009	
S1-887500171	
S1-971996731	
S1-104317115	
S1-518257638	
S1-884660527	
S1-910004085	
S1-591894902	
S1-142638295	S2-420700417
S1-950720921	
S1-183285524	
S1-714649207	
S1-841168517	
S1-819898451	S2-328794803,S2-99269459
S1-949091955	S2-398889556
S1-552966879	
S1-220057580	
S1-64462728	
S1-807938084	
S1-693870315	S3-573721806
S1-455827432	
S1-527611593	S2-311974636
S1-727773972	S2-732339370
S1-279446676	
S1-918109974	
S1-615018738	
S1-666592077	
S1-509532493	
S1-992285010	
S1-382076507	
S1-185535466	
S1-799535694	
S1-598558953	S3-723460337
S1-222645796	
S1-192481319	S3-411652215,S3-893818826
S1-413573159	
S1-782634160	
S1-394334841	
S1-759762834	
S1-653070765	
S1-94096071	
S1-682391735	S3-785779708
S1-559968662	
S1-964877324	
S1-883416047	
S1-182458975	
S1-339269492	
S1-621676240	
S1-103138354	
S1-279963953	
S1-317707487	
S1-391244573	
S1-603458137	
S1-429550703	
S1-302219416	
S1-693956169	S3-274269512,S3-446949553
S1-837916944	
S1-336786786	
S1-800911534	S3-800070274
S1-181883447	
S1-1433093	
S1-733472967	
S1-89100953	S2-972087927
S1-848293840	
S1-17003766	S2-13072938,S2-496644700,S2-577924872,S2-593265234,S3-197081371,S3-213603178,S3-280541618,S3-360991493,S3-422342857,S3-43056314,S3-489941683,S3-630358833,S3-695482562,S3-845445437,S3-981683052
S1-915512126	
S1-901504091	
S1-724741475	
S1-851421910	
S1-430298053	
S1-307277652	
S1-503010787	
S1-520627257	
S1-667272642	S2-147559201,S2-187119816,S2-302364041,S2-32220294,S2-389511594,S2-41086033,S2-45193904,S2-457128060,S2-460003901,S2-468427870,S2-565876285,S2-802095609,S2-847014050,S3-288436621,S3-414036886,S3-461344675,S3-503895482,S3-523854721,S3-534193313,S3-648942348,S3-734747152,S3-773498036
S1-827961773	
S1-255349799	
S1-418524279	
S1-661144640	
S1-892745196	
S1-751409146	
S1-13506955	
S1-262020943	
S1-746909581	
S1-481776787	
S1-870654726	
S1-459183905	
S1-782456413	
S1-687813152	
S1-528962373	
S1-133484055	
S1-784673398	
S1-162954117	
S1-547053441	
S1-302536542	
S1-457601305	
S1-488635826	
S1-349698918	
S1-72706873	
S1-78029452	
S1-717385838	
S1-11379912	
S1-655700316	
S1-484349079	
S1-595486290	S3-412658201
S1-889012090	S3-382164559
S1-748500004	
S1-587404171	
S1-986604838	
S1-766408899	
S1-507163415	
S1-873761236	
S1-655802552	S2-661143069
S1-327983313	
S1-77383698	
S1-273531258	
S1-772535560	S3-741089434
S1-598136304	
S1-789788578	
S1-346777444	
S1-544222533	
S1-493959729	
S1-430462466	
S1-792204527	
S1-788563249	
S1-198662647	
S1-431137009	
S1-22335277	
S1-291584542	
S1-556611862	
S1-32767080	
S1-242691036	
S1-770890247	
S1-276402071	
S1-936869465	S2-705528571
S1-201994316	S3-888350143
S1-905520099	
S1-766655509	
S1-415414688	
S1-133928599	S3-420836124
S1-871112769	S3-797888190,S3-809083820
S1-948985690	
S1-653149647	
S1-657251225	
S1-244474490	
S1-857992844	
S1-197043206	
S1-269094403	
S1-355078971	
S1-51627651	
S1-288364156	
S1-500222888	
S1-247274429	
S1-260204874	
S1-511066423	
S1-605505884	
S1-882791035	
S1-868105169	S2-218163632,S2-294323222,S2-294874898,S2-968505057
S1-764707596	
S1-962993818	S3-650131287
S1-608940471	
S1-346760887	
S1-597621907	
S1-36048451	
S1-98985291	
S1-368908513	
S1-504750404	
S1-687138169	
S1-576111952	
S1-907329636	S2-389978084,S2-461662527,S2-792980931,S2-876889991,S3-126825092,S3-572138601,S3-904908845
S1-220372723	
S1-591377734	
S1-915233460	
S1-808794467	
S1-119248132	
S1-710758303	
S1-105001584	
S1-382212549	
S1-35578091	
S1-34932143	
S1-545791724	S3-975451003
S1-869422569	
S1-844617434	
S1-488174268	
S1-963501196	
S1-531518308	
S1-288588262	
S1-94665545	
S1-460829054	
S1-817207769	
S1-923121813	S3-999305352
S1-937797030	
S1-305324409	
S1-927419156	
S1-261393939	
S1-158003567	
S1-772204055	
S1-901881022	
S1-958709603	
S1-864062904	
S1-389115869	
S1-32131273	
S1-485290093	
S1-449015682	
S1-273693856	
S1-216847975	
S1-942180728	
S1-704576365	
S1-706359294	
S1-688852755	
S1-501963178	
S1-428039663	
S1-394925431	
S1-29387523	
S1-960221997	S2-895352221,S3-929474627
S1-369896511	
S1-973133967	
S1-957109842	S2-392770174
S1-718126154	
S1-657028371	
S1-122221465	
S1-241758739	
S1-292853265	
S1-563412246	
S1-635915279	
S1-257953143	
S1-935953663	
S1-66970748	S3-738496929
S1-613214928	
S1-68168779	
S1-181117450	
S1-337798606	
S1-877808612	
S1-991838189	S2-223276182,S3-187929272,S3-872121479
S1-415245659	
S1-860794391	
S1-590126941	
S1-852807313	
S1-643209618	
S1-581863940	
S1-225821819	S2-970116590,S3-626166896,S3-711367714
S1-778630887	
S1-377916068	
S1-37907520	
S1-637166800	
S1-352595333	
S1-333194875	
S1-260721574	
S1-677484813	
S1-568320501	S2-577204741,S3-296363953,S3-624225983,S3-869442296
S1-759995112	
S1-443768681	
S1-170472252	
S1-311511012	S3-877760907
S1-224275529	
S1-427329185	
S1-417606815	
S1-488457630	
S1-818470647	
S1-534346740	
S1-729626041	
S1-204633959	
S1-155512047	S2-383030202,S2-93749685,S3-341874857,S3-415630244,S3-459550291,S3-466178682,S3-535501175,S3-644913828,S3-732045847
S1-553186193	
S1-42502314	
S1-317114355	
S1-334574390	
S1-649110450	
S1-533417053	
S1-152550844	
S1-643493833	
S1-734921625	
S1-68108533	
S1-789286562	
S1-493735795	
S1-870309113	
S1-755184527	
S1-741750910	
S1-396704474	
S1-77449994	
S1-607302089	
S1-80873383	S2-425262307
S1-194589041	
S1-550464269	
S1-405440827	S3-606532087
S1-500922440	
S1-111694025	
S1-760235082	
S1-445143782	
S1-17665971	
S1-131623880	
S1-453383072	
S1-573827896	
S1-740059747	
S1-979645754	
S1-5694837	
S1-895155435	
S1-552090769	
S1-444520529	
S1-481259122	
S1-170318976	
S1-254586049	
S1-626957328	
S1-820877559	
S1-111296778	
S1-847310129	
S1-546941880	
S1-697980001	
S1-338401200	
S1-501819870	
S1-541668027	
S1-966492570	S3-605417494
S1-702544592	
S1-528495462	
S1-545863954	
S1-772195807	
S1-603731465	
S1-453539657	
S1-46249643	S3-782320906
S1-317928365	
S1-735449543	
S1-368898506	
S1-39608811	
S1-497232093	
S1-740176897	
S1-699373004	
S1-760964613	
S1-759533619	
S1-89928972	
S1-415302434	
S1-397514626	
S1-603295553	
S1-829004597	
S1-340381642	
S1-831508195	
S1-715029307	
S1-30383410	
S1-267323354	
S1-189661852	
S1-232418369	
S1-626838100	
S1-900373432	
S1-322014701	
S1-714107578	
S1-923533895	
S1-445155683	
S1-70052354	
S1-954767088	
S1-529469516	
S1-650940902	
S1-200871763	
S1-674001307	
S1-946578635	
S1-899271918	S3-407406642
S1-861020733	S2-683814816
S1-669118103	
S1-473518955	
S1-112878071	
S1-387370379	
S1-591825395	
S1-341836448	
S1-730190320	
S1-686724393	
S1-884819027	
S1-634733706	S2-51358072,S3-10348556,S3-376261712,S3-442444280,S3-489487577,S3-677028172,S3-722409317,S3-947842422
S1-146764860	
S1-667494116	
S1-644800304	
S1-559176480	
S1-670613672	
S1-563834046	
S1-605344566	
S1-45476583	
S1-712193425	
S1-426796552	
S1-358071494	
S1-913184147	
S1-518999749	
S1-142991774	
S1-573105537	
S1-402263041	
S1-852777299	S2-196085462,S3-412307944,S3-589925289,S3-685042046,S3-908273055
S1-817055009	S3-736390072
S1-121278089	
S1-34406583	
S1-948206127	S2-496644700,S2-577924872,S3-170859479,S3-213603178,S3-28204129,S3-335575774,S3-43056314,S3-489941683,S3-630358833,S3-646742711,S3-695482562,S3-818873020,S3-845445437,S3-950673402,S3-963392613,S3-981683052
S1-793882586	
S1-313423382	
S1-230616179	
S1-117946977	
S1-764467216	
S1-600671460	
S1-985458663	
S1-998079629	
S1-751723139	
S1-984503844	
S1-436389656	
S1-141582671	
S1-870259303	S2-491755789
S1-202627015	S2-132805742,S2-371555068,S2-465593416,S2-530247686,S2-662952744,S2-909159851,S2-935306094,S3-118228946,S3-233415011,S3-43257763,S3-458221504,S3-522291664,S3-58919181,S3-64079929,S3-646530623,S3-710323041,S3-850771406,S3-989292857
S1-870670114	
S1-755329516	
S1-769735105	
S1-545535789	
S1-255512449	
S1-479368587	
S1-220217287	
S1-445413591	S3-430449455
S1-307330189	
S1-576221857	
S1-540647065	
S1-985849844	
S1-129840509	
S1-738529927	
S1-631634336	S2-170516399,S3-741817530
S1-620439917	
S1-645673704	
S1-366906832	
S1-818450767	S2-403418007
S1-495018313	
S1-236219320	
S1-735494336	
S1-313486473	
S1-874756885	
S1-930629318	
S1-211227284	S3-134556439,S3-153102778,S3-504452529,S3-704424994
S1-665203072	
S1-990859962	
S1-743413952	
S1-288261457	
S1-325772170	
S1-584694385	
S1-196930853	
S1-383705289	
S1-94503331	
S1-647575013	
S1-362900691	
S1-743701929	
S1-554606367	
S1-72057324	
S1-537057658	S3-199626414
S1-863840933	
S1-867937984	
S1-517585252	
S1-843460748	
S1-495431862	
S1-705520087	
S1-629792731	
S1-24190993	
S1-962462371	
S1-891460771	
S1-631267110	
S1-616328186	
S1-989458781	S2-37065200,S3-231940800
S1-158427430	
S1-943866501	S3-377422755
S1-772390233	
S1-555104163	
S1-634708855	
S1-574838650	
S1-454570944	
S1-824705510	
S1-353555145	
S1-868191449	
S1-207542087	
S1-128224466	
S1-437847715	
S1-175897406	
S1-836657851	
S1-738388422	
S1-70730985	
S1-913071720	
S1-730858570	
S1-890842089	
S1-755841052	
S1-62406587	
S1-945599294	
S1-282690027	
S1-119471339	
S1-612238175	
S1-507700514	
S1-507057032	
S1-290658366	
S1-521891133	
S1-49325121	
S1-169797977	
S1-44516836	
S1-27176967	
S1-428409415	
S1-583030458	
S1-659886446	
S1-330401139	
S1-928776546	
S1-79493353	
S1-598644426	
S1-491672580	
S1-527616111	
S1-269743554	S2-12185552,S2-201578803,S2-432423471,S2-519920719,S2-919233333,S3-117250439,S3-343388041,S3-379835856,S3-571327237,S3-735923193,S3-781414135
S1-737563674	
S1-662097139	
S1-76227211	
S1-754443232	
S1-541847553	
S1-811085440	
S1-398462363	S2-480272688
S1-310166751	
S1-258544368	
S1-29704874	
S1-71390708	
S1-522847261	S3-256038724
S1-209560741	
S1-76891238	
S1-803723987	
S1-469837394	
S1-262724894	
S1-789310261	
S1-476233101	S2-411014006
S1-156259591	
S1-148192848	
S1-253986339	
S1-613788308	
S1-46734148	
S1-925888590	
S1-384391959	
S1-733058423	
S1-335922295	S3-335281522,S3-399898167,S3-832420825
S1-62369497	
S1-472029773	
S1-379378394	
S1-802501899	
S1-404958214	
S1-134964502	
S1-903680191	
S1-746205301	
S1-356330116	
S1-897438771	
S1-216853138	
S1-21010276	
S1-411150863	
S1-721904625	
S1-500842861	
S1-519840188	
S1-371172270	S2-258515598,S2-278841666,S2-813926443,S2-935306094,S2-99486075,S3-153102778,S3-199827436,S3-50221721,S3-58919181,S3-628996091,S3-64079929,S3-710323041,S3-742532779,S3-767114627,S3-877691632,S3-903858180
S1-146269669	
S1-640903890	S2-809866423
S1-579513223	
S1-834059246	
S1-543738021	
S1-464735932	S2-468067303
S1-720494821	
S1-614166527	
S1-330425761	
S1-636382711	
S1-845582955	
S1-864813407	
S1-226835563	
S1-593083174	
S1-265308634	
S1-342524902	
S1-313657958	
S1-761368811	
S1-370040082	S3-275777581,S3-657900181
S1-30674002	
S1-184326040	
S1-752875458	
S1-749190987	
S1-303885393	
S1-524471698	
S1-81401869	
S1-600924899	
S1-223740121	
S1-497450389	
S1-951404426	
S1-677361364	
S1-438605996	
S1-669877826	
S1-293244964	
S1-872080679	
S1-578655170	
S1-855309387	
S1-849800146	
S1-950006929	
S1-477543769	
S1-533947051	S2-699477125,S2-803140178,S2-875979297,S2-971445382,S3-172399545,S3-442444280,S3-489487577,S3-606159038,S3-625291196,S3-797870133
S1-689992280	
S1-827116132	
S1-130033627	
S1-200328362	
S1-822365624	
S1-973488776	
S1-13451015	S2-350912826,S2-432235712,S2-638926005,S2-793448448,S3-169993225,S3-177982925,S3-187016644,S3-223029864,S3-245866542,S3-285673802,S3-435464736,S3-526886844,S3-70900878,S3-761081103,S3-772458779,S3-875839446
S1-618510970	
S1-452851960	
S1-725672126	S2-998068976,S3-735911553
S1-371215032	
S1-880149151	
S1-704316296	
S1-491775540	
S1-503016984	
S1-446731231	
S1-908289013	
S1-450337428	
S1-29596643	
S1-601561210	S2-150783646
S1-597171150	
S1-754410830	
S1-995936163	
S1-990991704	
S1-52033338	
S1-717480913	S2-568621810
S1-699194125	
S1-685163224	
S1-185787384	
S1-263986904	
S1-109940605	
S1-109569754	
S1-161663716	
S1-162695461	S2-383650091,S2-967309356,S3-298047597
S1-648022940	
S1-807531920	S3-686607572
S1-622031313	
S1-147548498	
S1-26628666	
S1-240414034	
S1-377471644	
S1-795051867	
S1-518221826	S3-349956249
S1-569486927	
S1-788480541	
S1-650931728	
S1-949970105	
S1-224442543	
S1-262086042	
S1-539063080	
S1-758070549	
S1-102067063	
S1-232798487	
S1-105827392	
S1-906803032	
S1-42258623	
S1-578070457	
S1-179448674	
S1-377942865	S3-368173526,S3-909848970
S1-117124656	
S1-993829678	
S1-170883326	
S1-966166665	
S1-168402024	
S1-432612382	
S1-106694036	
S1-860696171	
S1-947779057	
S1-478187960	
S1-901582927	
S1-903791016	
S1-11483643	
S1-347810367	
S1-557169552	
S1-618760923	
S1-342769339	
S1-533988643	S2-554792568,S3-552560551
S1-683869141	
S1-293619205	
S1-896292297	
S1-926971348	
S1-329066163	
S1-658544337	
S1-137870529	S2-130309662,S3-589112297
S1-486008614	
S1-935841397	
S1-326846186	
S1-711330965	
S1-722405675	
S1-463287529	
S1-149411806	S2-131681286,S2-345531094,S3-25138526,S3-610267734,S3-745946556,S3-869003407
S1-541361289	
S1-977429262	
S1-11172779	
S1-350174317	
S1-279892562	
S1-822292739	
S1-272127430	
S1-667764898	
S1-581382815	
S1-473952711	
S1-221315364	
S1-250931789	
S1-598934460	
S1-584697437	
S1-405602194	
S1-608664540	
S1-84451840	
S1-167638623	
S1-956897563	
S1-729467781	
S1-80773469	
S1-513599911	S2-808370991
S1-533522938	
S1-581757578	
S1-657558693	
S1-402494925	
S1-387016214	S3-13473302,S3-567247739
S1-266555379	
S1-669776689	
S1-225034106	
S1-751033619	
S1-976424391	
S1-519677292	
S1-443534708	
S1-382169090	
S1-790517362	
S1-880615423	
S1-449179193	
S1-48180936	
S1-427642601	
S1-912943762	
S1-671491624	
S1-55716966	
S1-98549181	S3-325261411
S1-815606753	
S1-407721399	
S1-796461188	S2-650640716
S1-959883069	
S1-166391907	
S1-726276781	
S1-120806394	
S1-391836868	
S1-200079725	
S1-765276200	
S1-899317092	
S1-775310986	
S1-305472241	
S1-865063383	
S1-264694687	
S1-526715015	
S1-299047552	
S1-983022047	
S1-864843313	
S1-301477237	
S1-673136886	
S1-230813348	
S1-404917346	
S1-672593972	
S1-541465582	
S1-703209922	S2-790554646
S1-985578465	
S1-602902072	
S1-487057151	
S1-736800651	S2-125058838,S3-799420878
S1-935703327	
S1-308849584	S2-721273162,S3-960763277
S1-61384671	
S1-852148273	
S1-787461836	S2-26119024,S2-577204741,S2-806414017,S3-296363953,S3-61309392,S3-869442296,S3-882416744
S1-629887537	
S1-71595254	
S1-140373393	
S1-712418507	
S1-515072958	
S1-197280203	S2-104590092,S2-710830485,S3-379835856,S3-453347329,S3-571327237,S3-665608156,S3-735923193,S3-781414135
S1-794806928	
S1-195675964	S2-107557903
S1-245620451	
S1-402387176	
S1-218107486	S3-929056739
S1-899593553	
S1-103648967	
S1-186871220	
S1-856200540	
S1-952064431	
S1-15967051	
S1-499785692	S2-551066372,S3-705413717
S1-954789288	
S1-543400611	
S1-552047258	
S1-654184515	
S1-276858394	
S1-533888847	
S1-323057996	
S1-320086079	
S1-855616906	
S1-744754397	
S1-152508801	
S1-307615125	
S1-143536197	
S1-618419675	
S1-259620026	
S1-584838253	
S1-39575732	
S1-692949559	
S1-777929094	
S1-31931266	
S1-337081657	
S1-478404464	
S1-916370847	
S1-373387246	
S1-769814533	
S1-423303116	
S1-765122448	
S1-143143410	S3-257938207
S1-45193124	
S1-957659829	S2-184052219
S1-783895442	
S1-241194969	
S1-906946241	
S1-660027440	
S1-461670379	
S1-985740908	
S1-870743390	
S1-575174642	
S1-828526849	
S1-670774972	
S1-222836798	
S1-941927098	
S1-36050400	
S1-480447397	
S1-810784492	
S1-311974093	
S1-59070872	
S1-226072612	
S1-142032781	
S1-45340570	
S1-917054737	
S1-740535429	
S1-547382550	S2-809221559,S2-918689377,S3-13473302,S3-181462745
S1-705324532	
S1-754493357	
S1-831250685	
S1-522913763	
S1-934216469	
S1-860733442	
S1-750661182	
S1-881055954	S2-15909748
S1-514613275	
S1-914583493	S3-259668713
S1-607890592	
S1-123576263	
S1-351949258	
S1-652287609	S3-313015676
S1-975538421	
S1-399652471	
S1-489820330	
S1-459265885	
S1-329065638	
S1-325974220	
S1-293122678	
S1-406820024	S2-505253624
S1-677625506	
S1-146164660	
S1-446660894	
S1-720831376	
S1-322970668	
S1-603512987	S2-883108268
S1-515708142	
S1-621619027	S2-913604795
S1-571678867	
S1-475434066	
S1-44832721	
S1-73643688	
S1-389829785	
S1-908708575	
S1-407373690	
S1-129487038	
S1-757768634	
S1-443842458	
S1-906302489	
S1-836337159	
S1-317432810	
S1-29676446	
S1-641733504	
S1-628264763	S2-177265310
S1-134212823	
S1-468536106	
S1-14173735	
S1-332647251	
S1-217957750	
S1-990121956	S3-905086839
S1-73778505	
S1-505499864	
S1-220921987	
S1-930793828	S2-372482270,S2-662819493,S2-939491531,S3-809839066
S1-92777166	
S1-694526898	
S1-767699511	
S1-728529555	S2-346931105,S3-536662266
S1-562491304	
S1-491136206	
S1-750513522	
S1-437062378	S2-185389152,S3-629393936
S1-1120102	
S1-463400859	S3-582942873
S1-492055681	
S1-249155369	
S1-932632094	
S1-840718013	
S1-807232527	
S1-5308195	S2-155105281,S2-509943486,S2-743206403,S2-962268525,S3-215663718,S3-58919181,S3-652929528,S3-82157109,S3-888965124,S3-946239436
S1-913516047	
S1-586291714	
S1-514230893	
S1-716604051	
S1-146867417	
S1-482094020	S2-246980995,S3-542554329
S1-220887760	
S1-26046875	
S1-17075718	
S1-883034077	
S1-53078701	S2-29569525,S2-682796734,S3-450577356
S1-980287383	
S1-667108166	
S1-307875866	
S1-100460794	
S1-248613636	
S1-557370412	
S1-616686159	
S1-764083611	
S1-165612846	
S1-7803700	
S1-804329115	
S1-424447492	
S1-830121570	
S1-497960353	
S1-447171342	
S1-329937523	
S1-995838881	
S1-318087936	
S1-423038111	
S1-593270583	S2-407164040,S2-612591290,S2-995631959,S3-27729374,S3-312637981,S3-402388716
S1-693931224	S2-908017855
S1-767389281	S2-816836080,S3-776238049
S1-720044635	
S1-228133926	
S1-558861915	
S1-669279083	
S1-488514818	
S1-196777004	
S1-580637198	
S1-673481371	
S1-251011052	
S1-370245336	
S1-898097340	
S1-395316873	
S1-912877974	
S1-74888542	
S1-573514563	S2-659542988,S3-758360335,S3-93835847
S1-596750278	
S1-154703303	S3-744655251
S1-725008002	
S1-988601275	
S1-753404819	
S1-560457112	
S1-778974909	
S1-642199078	
S1-244908293	
S1-843566558	
S1-454834135	S2-573515998
S1-333055706	S2-234463739
S1-189800582	
S1-755032002	S2-133276907
S1-667245441	
S1-257404767	
S1-864612738	S3-188355613
S1-700865544	
S1-578281785	
S1-799612793	
S1-827808098	
S1-241440391	
S1-937654476	S2-389987809,S3-16767515
S1-100924044	
S1-773701187	
S1-698822548	
S1-367438678	S2-612591290,S2-817996506,S3-552338064,S3-702229511
S1-191580834	S3-466178682,S3-863460876
S1-52933535	
S1-540853898	
S1-384095941	
S1-37588878	
S1-745780830	S3-190355473,S3-908923016
S1-461612339	
S1-151657300	
S1-856331133	
S1-97932183	S3-817294150
S1-741710803	
S1-759949116	S2-894191926,S3-369600634
S1-891690675	S2-17678839
S1-447511049	S2-460733050,S3-757454518
S1-193832241	
S1-1442433	
S1-45658342	S2-745870086,S3-367677565,S3-595620152
S1-379683628	
S1-633277570	S3-988676015
S1-965850934	
S1-656284403	
S1-438186667	S3-336145139,S3-812929525
S1-440389225	S3-534247115
S1-103228349	
S1-202654102	
S1-44024494	
S1-733059779	
S1-190778439	
S1-643815315	
S1-19674074	
S1-687443441	
S1-62193120	
S1-58506863	
S1-954269341	
S1-561898259	
S1-312627881	S2-241940330,S2-343049583,S2-383030202,S2-543173344,S2-948395271,S3-105271771,S3-443545911
S1-701625804	S3-341874857,S3-400722981,S3-669270024
S1-116213562	S3-663087285
S1-337070508	S2-407164040,S2-612591290,S2-995631959,S3-27729374,S3-312637981,S3-402388716
S1-599296180	
S1-735045054	
S1-76365154	S3-507615755,S3-792873932,S3-818686943
S1-201956901	S3-702229511,S3-93363345
S1-904669751	
S1-207070582	
S1-717282539	
S1-321825889	S2-175110533,S2-840906265,S3-610283572
S1-388507164	S2-302380669,S2-838006335,S3-309739635,S3-602857424,S3-825164006
S1-337021163	S2-577677806,S3-450577356
S1-575955656	S2-125301416,S3-433828491
S1-705677344	S2-482075294,S2-496644700,S2-618207116,S2-790145633,S2-816390814,S2-850756799,S3-170859479,S3-213603178,S3-243435745,S3-353318437,S3-437742410,S3-489941683,S3-529757396,S3-630358833,S3-695482562,S3-921850387
S1-493985363	
S1-307464396	S2-46970865,S2-767328344
S1-528548249	S3-416686582
S1-232204608	S3-718695653
S1-290176575	S2-606680549
S1-555917187	S2-406560731
S1-766239781	
S1-927444151	S3-695799755
S1-874053309	
S1-648793119	S3-794946560
S1-16940394	S3-373989381
S1-658171306	S3-640545320
S1-939502579	
S1-816637655	S3-572123749
S1-246219023	S2-946797550
S1-128375300	
S1-535548928	
S1-177193455	S2-794424055,S3-181462745,S3-200736650,S3-515747572,S3-60096010,S3-870288571
S1-204942299	S3-865001754
S1-228177533	S2-713264333,S2-878460826,S3-197008620,S3-60303669,S3-911243378
S1-635175351	S3-251422207,S3-267983709
S1-868446826	
S1-575078315	S2-60331805,S2-829656188,S3-489487577,S3-899552369
S1-44946269	S3-201216718
S1-429851261	S2-108981160,S2-574278528,S3-245866542,S3-746631397
S1-923648013	
S1-178572489	S2-6815124,S3-174586283
S1-700683583	S3-311782062
S1-215948660	
S1-714329849	S2-767912318,S2-837580434,S3-327393659,S3-685042046,S3-875419370
S1-322452675	S2-176998529,S2-47713163,S2-54935976,S2-771831940,S2-884476783,S3-44497553
S1-993469683	S3-643446157
S1-858558106	
S1-994206564	S2-381326257
S1-774458452	S2-246748717,S3-124884606,S3-185872380,S3-189818970,S3-459550291,S3-466178682,S3-496513676,S3-732045847,S3-751163531
S1-641844231	
S1-403671285	
S1-337189608	
S1-448267460	S3-30496819
S1-267914232	S3-684249255,S3-817511671
S1-48074803	
S1-521482584	S2-411918724,S2-881331999
S1-966190490	S2-417046172,S3-780090761,S3-78013040
S1-600405366	S2-326231186,S3-356658626,S3-461826239
S1-840497698	S2-571610271,S3-679953386
S1-85452342	S3-254060954,S3-44143318,S3-450577356,S3-71255008
S1-79590561	
S1-157009161	S2-794807798,S2-980878782
S1-960366103	S2-710830485,S2-727863452,S3-117250439,S3-160008053,S3-343388041,S3-379835856,S3-38681905,S3-389519821,S3-735923193,S3-781414135,S3-857183109,S3-927592877,S3-927720185
S1-900740725	
S1-850605679	S2-61732760,S3-476614706,S3-640545320,S3-692479419,S3-761813601
S1-341063793	S2-185013334,S2-258515598,S2-856031019,S2-935306094,S3-579114697,S3-64079929,S3-742532779,S3-767114627,S3-772212289,S3-946239436
S1-390252121	
S1-692471807	S2-621225139,S3-187309809,S3-239048281,S3-258449369,S3-367677565,S3-650400151,S3-73093256,S3-917727008
S1-831923485	S2-577204741,S3-296363953,S3-869442296,S3-882416744
S1-179536424	S2-694447290
S1-731314679	S2-622934393,S3-174658754,S3-266346901
S1-459984140	
S1-67169593	S2-570095956
S1-568095292	
S1-533056362	S3-366744336,S3-683913357
S1-149277660	S2-159311646
S1-263775088	S3-866199619
S1-901471406	S3-167596621
S1-402129124	
S1-299995446	S2-187119816,S2-275299832,S2-45193904,S2-460003901,S2-468427870,S2-516243741,S2-555124789,S2-565876285,S2-605726696,S2-802095609,S2-847014050,S2-962979309,S3-288436621,S3-461344675,S3-46440014,S3-503895482,S3-523854721,S3-648942348,S3-69037052,S3-734747152,S3-773498036
S1-473872953	S2-23901335,S2-978410296,S3-241070525,S3-597824001,S3-752003064,S3-778867762
S1-408224983	S3-343388041
S1-474752946	S3-440704574
S1-506617149	S3-449062043
S1-156685442	S3-282452546
S1-927557769	S2-132512803,S2-329405096,S2-63082253,S2-847933753,S3-138003536,S3-148156789,S3-244669915,S3-513122255,S3-788049212,S3-811090107,S3-814880158,S3-88606539
S1-278899619	S2-75313678
S1-207804143	
S1-336954819	S2-803605381,S3-612757479,S3-718103652,S3-991410378
S1-775107858	S2-523951310,S3-419005916,S3-54861720,S3-683592724
S1-283538407	S3-74712448
S1-750864938	
S1-905916694	
S1-628680569	
S1-299677751	
S1-454802421	S2-344904373,S3-134556439,S3-152640979,S3-704424994
S1-831268867	S3-869442296
S1-13263134	S2-27605994,S3-187309809,S3-536391720
S1-570239793	S3-329856839,S3-356658626,S3-378500850
S1-833585060	
S1-3548629	S2-601035180,S3-591095582,S3-697250592,S3-809839066
S1-210978493	
S1-135099760	S3-34513963,S3-9442089
S1-74346191	S2-223276182,S3-187929272
S1-197981349	S3-953265602
S1-246771260	S2-54784887,S3-665202007,S3-692740830
S1-347851016	S2-937764705,S3-311430671
S1-434847246	S2-706926029,S3-314488384,S3-540155774,S3-999936932
S1-551580984	
S1-438092418	S2-519700460,S2-567398303,S3-20296760,S3-615551389
S1-826150712	S3-109665178
S1-769567685	S3-483816541
S1-252068059	
S1-38451528	S3-250403026
S1-136137906	
S1-678219668	
S1-242765065	
S1-429982774	
S1-392877917	S2-187015638,S3-818064146
S1-726670510	
S1-232163492	
S1-9051645	S3-168712025,S3-449062043
S1-557325761	S3-217839365,S3-87131780
S1-848145225	S3-281307367,S3-369748055
S1-475756218	S2-510757616,S2-578001558,S2-614804837,S2-720833267,S3-117829816,S3-118724526,S3-120443833,S3-224800158,S3-582977744,S3-621306900,S3-817946492,S3-911243378
S1-678942467	
S1-583499446	S2-216019191,S3-687471713,S3-865660529
S1-248931969	S3-136049633
S1-316484869	
S1-265603031	S3-679953386
S1-572790160	S2-357819643,S3-71255008,S3-773262591,S3-808651670,S3-863626191
S1-122342758	S2-742285186,S2-785893047,S2-90993540
S1-906652330	S2-132805742,S2-754349628,S2-836922979,S3-183052937,S3-58919181,S3-798390923,S3-821473517
S1-606348149	S3-101972013
S1-118654142	S2-435921074,S2-678154331,S3-2624129,S3-622595882
S1-449967506	
S1-335226101	
S1-450667949	S2-768113248,S3-299083168
S1-163450525	
S1-521489044	S3-450612070,S3-666410059
S1-678468445	S3-65150128
S1-950878680	S2-856031019,S2-99486075,S3-556109482,S3-767114627
S1-860091475	
S1-531755243	S3-855226001
S1-8731816	
S1-847840310	S2-29569525,S2-470324870,S3-605361955,S3-994837131
S1-114167540	
S1-516261021	S3-130647528
S1-973310935	S2-101425912
S1-92606707	
S1-326042432	S2-972244054,S3-190355473,S3-908923016
S1-26570538	S2-135506804,S3-98917390
S1-816806651	
S1-956145942	S2-423588119,S3-872555882,S3-880144487
S1-997853473	S2-305268835,S2-497972322,S2-994528455,S3-117250439,S3-160008053,S3-341847420,S3-343388041,S3-571327237,S3-699270816,S3-735923193,S3-783355764,S3-857183109
S1-476732670	S2-273265532,S3-545382381,S3-905134451
S1-470791690	
S1-685756581	
S1-427389120	S2-377412421
S1-607475493	
S1-78371793	
S1-965957271	S3-422885477
S1-728246746	S2-71953493,S2-849330463,S3-520421305,S3-610267734,S3-687792614,S3-869003407,S3-879896724,S3-911243378
S1-333630891	S2-382202905
S1-804423982	S2-187119816,S2-196613960,S2-460003901,S2-468427870,S2-565876285,S2-802095609,S2-847014050,S3-288436621,S3-503895482,S3-523854721,S3-648942348,S3-773498036
S1-538239829	
S1-328584708	
S1-466341745	S2-978163055,S3-521263226
S1-883775116	S2-303174953,S2-836193174
S1-67951250	S2-582723376,S3-183512479,S3-185241700,S3-809829832
S1-206502637	S2-330344696
S1-182502875	S2-181432431,S3-253568336,S3-276954703,S3-449062043,S3-461821501,S3-69003773,S3-922753681
S1-49755442	
S1-537978025	
S1-39974132	
S1-293783230	
S1-907925633	S3-617658706
S1-681116226	S2-191731480
S1-708971705	S2-603343086,S2-783355018,S3-519332964
S1-268343305	S3-21680515,S3-47164265,S3-492313614
S1-219817042	S2-860164385
S1-865132511	
S1-737783959	S2-529420923,S3-187016644,S3-209851560,S3-39218139,S3-435464736
S1-235684588	
S1-393120433	
S1-379796343	
S1-856849042	S2-776620254,S3-21680515,S3-492313614,S3-697250592,S3-809839066,S3-93029634
S1-675821005	S2-997927202,S3-298087521,S3-382438697,S3-616243863
S1-276214128	
S1-837878496	
S1-995124333	S3-166117047,S3-244163893,S3-325932079,S3-695241825,S3-827936570
S1-4143446	S2-258083159,S2-534369804,S2-567398303,S2-638926005,S2-795608900,S3-177982925,S3-187016644,S3-245866542,S3-285673802,S3-71255008,S3-761081103,S3-772458779,S3-875839446
S1-938258941	
S1-703850262	S2-49665713,S2-744246323
S1-612029716	S2-48827777
S1-73700971	
S1-555775937	S3-665926990,S3-794946560,S3-869442296
S1-260612252	
S1-159314474	S3-153102778,S3-246389731,S3-704424994
S1-263184862	
S1-449171849	
S1-425858660	
S1-186556282	
S1-927882225	S2-518088642,S2-772688248,S3-618870695,S3-905702205
S1-260837575	S3-691327074
S1-409479725	S2-465593416,S3-458221504,S3-520340437,S3-58919181,S3-724300314,S3-989292857
S1-458130772	S2-18239116,S2-295553444,S3-840619091,S3-865660529
S1-756828693	S2-692712904,S3-130647528
S1-601486176	S3-992137102
S1-406660914	
S1-572338294	
S1-914496453	S3-612847232,S3-777108351
S1-203076519	
S1-141216441	
S1-772104779	
S1-348573367	
S1-657275121	
S1-961914104	
S1-557030875	S3-328761178
S1-909745869	S2-458754169,S3-657900181
S1-853521614	S3-806928667
S1-497812883	S3-507859838,S3-560440423
S1-492494206	S2-677587921,S2-898949037
S1-707183377	
S1-608419003	S2-23304966,S2-425417474,S2-521485245,S3-88039526
S1-820703801	S2-315537893,S3-908923016
S1-924840109	
S1-992932461	
S1-419929302	S2-71953493,S2-724541218,S2-849330463,S2-936521386,S3-197008620,S3-25138526,S3-520421305,S3-610267734,S3-63943043,S3-687792614,S3-696714775,S3-869003407,S3-882416744,S3-911243378,S3-912712169
S1-529656399	S3-664997009
S1-508815823	S2-356913283,S3-433862239,S3-45281126,S3-59547065,S3-802206571
S1-17339381	S3-190355473,S3-197073571,S3-299083168,S3-403648990,S3-894856546
S1-278478027	S2-713264333,S3-60303669,S3-609002634
S1-647658706	
S1-396779207	S3-22005218,S3-950004681
S1-705603372	
S1-771130174	
S1-804534185	S2-558331942
S1-403395550	S2-247738094,S2-251860012,S2-461662527,S2-715729108,S2-792980931,S2-926387302,S3-376456486,S3-407822476,S3-462381740,S3-572138601,S3-576866747,S3-618110846,S3-661432122
S1-600793393	
S1-469177694	
S1-205556070	S3-70010384
S1-843554261	S3-380673091
S1-207369509	
S1-295699995	S2-343540507,S2-796837749,S3-35965925
S1-422578216	S3-898629514
S1-689012189	S2-213300952,S2-898058593,S3-96658915
S1-913463340	
S1-565584575	S3-209268741,S3-353532185,S3-357306372
S1-433887168	
S1-566540458	S2-185013334,S2-34401046,S2-411735661,S2-62343933,S3-3667032,S3-61700425,S3-624608934,S3-640545320,S3-767114627,S3-946239436
S1-869626749	S3-241070525,S3-778867762,S3-809829832
S1-485102954	S3-483905353
S1-223059131	S2-171968922,S3-564983389,S3-847929909
S1-839446795	S2-521708549
S1-938016124	S2-824273314,S3-216986249,S3-654708839
S1-583032127	S3-784029605
S1-971850426	
S1-281577804	
S1-964959625	S2-211808993,S2-454483999,S2-59604091,S2-7184870,S3-267113008,S3-638541983,S3-686827386,S3-923994788
S1-324535341	S2-112638667,S2-920587005
S1-620010152	
S1-278936782	S3-188040886,S3-991244763
S1-122018139	S3-861078163
S1-150365666	S2-667429416,S3-168100738,S3-366311053
S1-834364441	S3-442444280
S1-646017281	S2-537173266,S2-935508356
S1-423268484	S3-155867346
S1-823382531	S3-205075564,S3-35107158,S3-505055450,S3-83198282
S1-606754081	S2-6254086,S3-410848051
S1-569075241	
S1-387025203	S3-43589939
S1-733420249	S2-699477125,S3-887206017
S1-522410040	S2-517908399,S3-199597838
S1-184077174	S3-158517817,S3-382438697,S3-688859974,S3-825368991,S3-894694213
S1-699895565	S3-373464074
S1-323331156	S2-163170245,S3-953265602
S1-535345810	
S1-834525567	S3-903084267
S1-298362412	S3-305215419
S1-145229828	
S1-307567613	
S1-360391513	S2-333490404
S1-538969745	
S1-457520836	S3-173969900
S1-972838933	
S1-618465663	S3-809535079
S1-61656646	
S1-9436160	S3-181462745,S3-811809635
S1-545321896	
S1-373253945	
S1-901870264	S2-350216748,S3-191221379
S1-78965932	S2-132741297,S2-48051451,S2-62343933,S2-791580552,S2-946311324,S2-956013290,S3-311837639,S3-358565395,S3-591095582,S3-710323041
S1-463776677	S2-204543697,S3-903084267
S1-986762816	S2-962268525,S3-215663718,S3-41869002,S3-480005136,S3-566792817
S1-459468808	S2-480774512
S1-615363988	
S1-992327757	S2-119962883,S3-994473178
S1-871204465	S3-246389731,S3-321900489
S1-600909980	S3-675941676,S3-703338016
S1-985868749	S2-550484405
S1-644418417	S2-198581484,S2-23497502,S2-246474093,S2-33129806,S2-78104912,S3-195419590,S3-234369272,S3-311837639,S3-336271415,S3-429469211,S3-710323041,S3-77119214,S3-798390923,S3-924995797
S1-539994201	S2-126452374,S3-2624129
S1-171098288	S2-443442487,S2-920587005,S3-439583102,S3-777326326,S3-911243378
S1-865528756	
S1-734373273	
S1-707898770	S2-757303339,S3-209429510,S3-258552232,S3-58145184
S1-83379425	S2-752831315
S1-783498394	S3-432126489
S1-906300413	S3-582977744,S3-956791766,S3-958611553
S1-201589786	
S1-276942364	S3-220123092,S3-474571919
S1-570702581	S3-21591627
S1-354159326	
S1-261029096	S2-715618374,S3-507859838,S3-560440423
S1-229872103	S2-37314297,S2-400175800,S2-956013290,S3-311837639,S3-567559420
S1-672103505	S3-230928585,S3-265048125
S1-817548736	S2-234233670,S2-247738094,S2-251860012,S2-913195122,S3-404281660,S3-572138601
S1-361599216	
S1-549471501	S3-621306900
S1-18602285	S2-758038877
S1-358105252	S2-577924872,S2-593265234,S2-790145633,S2-850756799,S3-213603178,S3-243435745,S3-280541618,S3-43056314,S3-489941683,S3-630358833,S3-695482562,S3-845445437,S3-981683052
